frame,x,y
0,0.0,0.0
0,0.0,0.0
0,0.0,0.0
0,0.0,0.0
0,0.0,0.0
0,0.0,0.0
0,0.0,0.0
0,0.0,0.0
0,64.01937866210938,0.0
0,459.2151794433594,139.45065307617188
0,64.42273712158203,116.72989654541016
0,308.95538330078125,101.40023803710938
0,168.6842803955078,100.46436309814453
0,259.52947998046875,400.1658630371094
0,255.2897186279297,411.60968017578125
0,194.08799743652344,663.5623168945312
0,354.32684326171875,700.3244018554688
1,0.0,0.0
1,0.0,0.0
1,0.0,0.0
1,0.0,0.0
1,0.0,0.0
1,0.0,0.0
1,0.0,0.0
1,0.0,0.0
1,64.237548828125,0.0
1,465.113525390625,140.16636657714844
1,72.8691635131836,117.98634338378906
1,315.1353454589844,106.7211685180664
1,173.71241760253906,106.18661499023438
1,262.5684814453125,399.16259765625
1,258.608642578125,411.5699157714844
1,194.3763427734375,661.4456176757812
1,361.8617248535156,699.42578125
2,0.0,0.0
2,0.0,0.0
2,0.0,0.0
2,0.0,0.0
2,0.0,0.0
2,0.0,0.0
2,0.0,0.0
2,0.0,0.0
2,65.10755157470703,0.0
2,467.6060485839844,133.64044189453125
2,75.912353515625,118.14273834228516
2,320.970703125,105.37163543701172
2,176.36561584472656,105.15705871582031
2,263.53924560546875,401.5702819824219
2,259.53070068359375,413.79107666015625
2,193.05332946777344,663.1292724609375
2,369.0638122558594,701.3684692382812
3,0.0,0.0
3,0.0,0.0
3,0.0,0.0
3,0.0,0.0
3,0.0,0.0
3,0.0,0.0
3,0.0,0.0
3,0.0,0.0
3,76.03556060791016,0.0
3,464.5003967285156,132.77880859375
3,75.0349349975586,108.91566467285156
3,321.0685119628906,101.5905532836914
3,178.21591186523438,105.5167007446289
3,270.4436340332031,404.6982727050781
3,268.9529113769531,428.5717468261719
3,207.4154815673828,661.8561401367188
3,370.72174072265625,709.893310546875
4,0.0,0.0
4,0.0,0.0
4,0.0,0.0
4,0.0,0.0
4,0.0,0.0
4,0.0,0.0
4,0.0,0.0
4,0.0,0.0
4,81.86260986328125,0.0
4,466.171142578125,124.64554595947266
4,76.31937408447266,108.82166290283203
4,331.0555114746094,109.92279052734375
4,188.02073669433594,112.73432922363281
4,273.5560607910156,410.9887390136719
4,273.7588806152344,433.9843444824219
4,210.01414489746094,662.78125
4,377.8356628417969,712.7752685546875
5,0.0,0.0
5,0.0,0.0
5,0.0,0.0
5,0.0,0.0
5,0.0,0.0
5,0.0,0.0
5,0.0,0.0
5,0.0,0.0
5,89.62134552001953,0.0
5,467.7834777832031,121.10476684570312
5,80.86555480957031,110.38959503173828
5,332.6033935546875,117.72468566894531
5,192.22097778320312,120.17024230957031
5,273.27191162109375,417.364013671875
5,277.8362731933594,440.8535461425781
5,210.90428161621094,662.43896484375
5,381.9044189453125,715.2262573242188
6,0.0,0.0
6,0.0,0.0
6,0.0,0.0
6,0.0,0.0
6,0.0,0.0
6,0.0,0.0
6,0.0,0.0
6,0.0,0.0
6,93.54357147216797,0.0
6,470.8586730957031,116.6982650756836
6,83.37112426757812,110.05757904052734
6,340.01690673828125,108.44471740722656
6,197.78179931640625,110.58039093017578
6,282.02911376953125,410.92071533203125
6,282.0821228027344,435.89312744140625
6,217.50869750976562,662.3880615234375
6,383.7894287109375,720.771484375
7,0.0,0.0
7,0.0,0.0
7,0.0,0.0
7,0.0,0.0
7,0.0,0.0
7,0.0,0.0
7,0.0,0.0
7,0.0,0.0
7,97.24224090576172,0.0
7,466.3270568847656,107.73383331298828
7,89.30084228515625,115.60189819335938
7,346.90155029296875,113.64264678955078
7,206.05532836914062,113.94731140136719
7,284.5769958496094,410.5338134765625
7,286.3668212890625,431.6836242675781
7,218.3195343017578,660.2933959960938
7,387.3797607421875,714.750244140625
8,0.0,0.0
8,0.0,0.0
8,0.0,0.0
8,0.0,0.0
8,0.0,0.0
8,0.0,0.0
8,0.0,0.0
8,0.0,0.0
8,102.37889099121094,0.0
8,473.0268249511719,107.24974822998047
8,92.31732177734375,114.41560363769531
8,354.3641662597656,106.64474487304688
8,211.50942993164062,108.02295684814453
8,287.24688720703125,404.5651550292969
8,289.1911926269531,430.64154052734375
8,220.20448303222656,657.7487182617188
8,390.5940856933594,721.6355590820312
9,0.0,0.0
9,0.0,0.0
9,0.0,0.0
9,0.0,0.0
9,0.0,0.0
9,0.0,0.0
9,0.0,0.0
9,0.0,0.0
9,110.16984558105469,0.0
9,471.7590026855469,97.45557403564453
9,100.68557739257812,121.5666275024414
9,359.73846435546875,110.19039916992188
9,217.5409698486328,110.8582763671875
9,294.2291564941406,406.4982604980469
9,294.724853515625,434.117431640625
9,221.29000854492188,655.6622314453125
9,389.5940856933594,726.0661010742188
10,0.0,0.0
10,0.0,0.0
10,0.0,0.0
10,0.0,0.0
10,0.0,0.0
10,0.0,0.0
10,0.0,0.0
10,0.0,0.0
10,114.17994689941406,0.0
10,475.256591796875,86.95458984375
10,104.75707244873047,120.1988754272461
10,365.7514343261719,101.55812072753906
10,221.0638427734375,101.59854125976562
10,298.88946533203125,404.701904296875
10,294.08233642578125,430.8065185546875
10,226.47900390625,655.109375
10,383.6975402832031,723.2922973632812
11,0.0,0.0
11,0.0,0.0
11,0.0,0.0
11,0.0,0.0
11,0.0,0.0
11,0.0,0.0
11,0.0,0.0
11,0.0,0.0
11,118.33946228027344,0.0
11,479.83648681640625,88.21048736572266
11,108.22627258300781,122.71188354492188
11,377.737060546875,105.063720703125
11,233.61544799804688,104.51030731201172
11,300.3266906738281,408.3660583496094
11,295.95574951171875,433.3172912597656
11,228.46377563476562,658.5814819335938
11,388.8305969238281,725.3968505859375
12,0.0,0.0
12,0.0,0.0
12,0.0,0.0
12,0.0,0.0
12,0.0,0.0
12,0.0,0.0
12,0.0,0.0
12,0.0,0.0
12,114.49459075927734,0.0
12,0.0,0.0
12,117.4661865234375,129.29852294921875
12,390.334716796875,102.90422058105469
12,236.6405792236328,100.62934112548828
12,314.81134033203125,408.43463134765625
12,298.0312805175781,424.39447021484375
12,218.25,661.9661865234375
12,392.4578552246094,723.7938232421875
13,0.0,0.0
13,0.0,0.0
13,0.0,0.0
13,0.0,0.0
13,0.0,0.0
13,0.0,0.0
13,0.0,0.0
13,0.0,0.0
13,120.09139251708984,0.0
13,500.9019470214844,80.98329162597656
13,120.90990447998047,130.59605407714844
13,397.841796875,105.08743286132812
13,242.92379760742188,102.86700439453125
13,325.21649169921875,412.99713134765625
13,307.15509033203125,431.1882019042969
13,220.45582580566406,657.32470703125
13,398.3589782714844,726.7811279296875
14,0.0,0.0
14,0.0,0.0
14,0.0,0.0
14,0.0,0.0
14,0.0,0.0
14,0.0,0.0
14,0.0,0.0
14,0.0,0.0
14,127.2755126953125,0.0
14,0.0,0.0
14,128.66697692871094,134.62899780273438
14,404.84521484375,97.86639404296875
14,251.9044647216797,93.71385955810547
14,328.7021789550781,413.4778747558594
14,313.0724182128906,426.8042907714844
14,224.21829223632812,660.6187133789062
14,402.34259033203125,724.1520385742188
15,0.0,0.0
15,0.0,0.0
15,0.0,0.0
15,0.0,0.0
15,0.0,0.0
15,0.0,0.0
15,0.0,0.0
15,0.0,0.0
15,147.5492401123047,0.0
15,0.0,0.0
15,134.1656036376953,140.7992706298828
15,400.3509826660156,104.79769134521484
15,261.60247802734375,105.39939880371094
15,336.08984375,409.47088623046875
15,337.8089599609375,438.87939453125
15,226.22695922851562,661.5327758789062
15,386.9806213378906,732.1730346679688
16,0.0,0.0
16,0.0,0.0
16,0.0,0.0
16,0.0,0.0
16,0.0,0.0
16,0.0,0.0
16,0.0,0.0
16,0.0,0.0
16,153.22164916992188,0.0
16,0.0,0.0
16,142.54698181152344,137.6925811767578
16,413.24468994140625,98.03125762939453
16,272.1381530761719,99.6331787109375
16,347.7738342285156,407.16571044921875
16,343.1489562988281,439.6216125488281
16,231.63616943359375,654.2706298828125
16,388.28704833984375,731.4571533203125
17,0.0,0.0
17,0.0,0.0
17,0.0,0.0
17,0.0,0.0
17,0.0,0.0
17,0.0,0.0
17,0.0,0.0
17,0.0,0.0
17,158.19027709960938,0.0
17,0.0,0.0
17,149.14219665527344,136.73658752441406
17,419.4660949707031,111.59060668945312
17,278.993408203125,113.20996856689453
17,359.97052001953125,412.0418701171875
17,353.2082214355469,448.91180419921875
17,227.8677978515625,644.5873413085938
17,390.26458740234375,734.003173828125
18,0.0,0.0
18,0.0,0.0
18,0.0,0.0
18,0.0,0.0
18,0.0,0.0
18,0.0,0.0
18,0.0,0.0
18,0.0,0.0
18,171.28067016601562,0.0
18,0.0,0.0
18,160.62118530273438,123.85322570800781
18,425.5675964355469,105.25730895996094
18,285.23858642578125,108.3504867553711
18,372.6910400390625,418.8720703125
18,363.58978271484375,457.6523742675781
18,233.92176818847656,643.5736694335938
18,391.92279052734375,736.5133666992188
19,0.0,0.0
19,0.0,0.0
19,0.0,0.0
19,0.0,0.0
19,0.0,0.0
19,0.0,0.0
19,0.0,0.0
19,0.0,0.0
19,179.52467346191406,0.0
19,0.0,0.0
19,175.26426696777344,128.53701782226562
19,436.4363098144531,107.8161849975586
19,293.7785339355469,112.1407699584961
19,388.3196716308594,418.8520202636719
19,367.55914306640625,460.77850341796875
19,245.9289093017578,634.3497314453125
19,388.3744201660156,733.3743896484375
20,0.0,0.0
20,0.0,0.0
20,0.0,0.0
20,0.0,0.0
20,0.0,0.0
20,0.0,0.0
20,0.0,0.0
20,0.0,0.0
20,181.90090942382812,0.0
20,0.0,0.0
20,182.19607543945312,129.2163543701172
20,439.3953552246094,109.7135238647461
20,295.69970703125,113.92462921142578
20,401.24176025390625,415.8294372558594
20,369.6664123535156,454.37176513671875
20,273.8857116699219,635.7717895507812
20,392.9827880859375,727.7916259765625
21,0.0,0.0
21,0.0,0.0
21,0.0,0.0
21,0.0,0.0
21,0.0,0.0
21,0.0,0.0
21,0.0,0.0
21,0.0,0.0
21,187.861083984375,0.0
21,0.0,0.0
21,179.4990692138672,109.66767883300781
21,456.86370849609375,100.96598052978516
21,304.4088439941406,99.45618438720703
21,422.19921875,426.89208984375
21,358.43341064453125,437.9800720214844
21,339.7266845703125,676.7772827148438
21,389.7076110839844,715.4317016601562
22,0.0,0.0
22,0.0,0.0
22,0.0,0.0
22,0.0,0.0
22,0.0,0.0
22,0.0,0.0
22,0.0,0.0
22,0.0,0.0
22,196.3756866455078,0.0
22,0.0,0.0
22,184.9373016357422,99.0132064819336
22,469.1360778808594,102.8199234008789
22,313.6578063964844,99.19802856445312
22,439.6507873535156,432.20611572265625
22,359.6336975097656,436.82611083984375
22,361.0728759765625,680.0967407226562
22,394.0573425292969,715.4935913085938
23,0.0,0.0
23,0.0,0.0
23,0.0,0.0
23,0.0,0.0
23,0.0,0.0
23,0.0,0.0
23,0.0,0.0
23,0.0,0.0
23,196.35557556152344,0.0
23,0.0,0.0
23,199.53460693359375,102.6881103515625
23,475.5863342285156,109.05235290527344
23,318.4668884277344,107.05318450927734
23,455.2406921386719,426.9148864746094
23,368.78106689453125,440.47259521484375
23,357.8854064941406,667.7122192382812
23,389.9056091308594,720.6205444335938
24,0.0,0.0
24,0.0,0.0
24,0.0,0.0
24,0.0,0.0
24,0.0,0.0
24,0.0,0.0
24,0.0,0.0
24,0.0,0.0
24,203.93394470214844,0.0
24,0.0,0.0
24,207.42202758789062,95.11736297607422
24,485.30126953125,105.19212341308594
24,319.8230895996094,103.90049743652344
24,474.5711975097656,422.18804931640625
24,370.9748840332031,442.1947021484375
24,363.0033264160156,652.9715576171875
24,384.0112609863281,722.8150634765625
25,0.0,0.0
25,0.0,0.0
25,0.0,0.0
25,0.0,0.0
25,0.0,0.0
25,0.0,0.0
25,0.0,0.0
25,0.0,0.0
25,205.49447631835938,0.0
25,0.0,0.0
25,214.41444396972656,84.37859344482422
25,491.1731262207031,102.80779266357422
25,317.13519287109375,103.2322769165039
25,494.99432373046875,420.9754333496094
25,374.62091064453125,447.21148681640625
25,370.6622314453125,650.1774291992188
25,378.52130126953125,732.8963012695312
26,0.0,0.0
26,0.0,0.0
26,0.0,0.0
26,0.0,0.0
26,0.0,0.0
26,0.0,0.0
26,0.0,0.0
26,0.0,0.0
26,212.31463623046875,0.0
26,0.0,0.0
26,226.50961303710938,78.19285583496094
26,504.0823059082031,97.74987030029297
26,322.8657531738281,103.67827606201172
26,516.3865356445312,411.8780822753906
26,371.6155090332031,460.11163330078125
26,394.598876953125,625.1812133789062
26,376.0185546875,746.9799194335938
27,0.0,0.0
27,0.0,0.0
27,0.0,0.0
27,0.0,0.0
27,0.0,0.0
27,0.0,0.0
27,0.0,0.0
27,0.0,0.0
27,221.35794067382812,0.0
27,0.0,0.0
27,244.96249389648438,77.83731079101562
27,513.0787963867188,96.80142974853516
27,324.26458740234375,104.78842163085938
27,537.9603881835938,404.5212707519531
27,375.2232971191406,459.60498046875
27,411.7572326660156,606.8274536132812
27,374.77081298828125,741.951416015625
28,0.0,0.0
28,0.0,0.0
28,0.0,0.0
28,0.0,0.0
28,0.0,0.0
28,0.0,0.0
28,0.0,0.0
28,0.0,0.0
28,232.08663940429688,0.0
28,0.0,0.0
28,253.53131103515625,79.55543518066406
28,517.3206176757812,98.22013092041016
28,327.9639587402344,104.66645050048828
28,552.0133056640625,402.1804504394531
28,380.81573486328125,451.5933837890625
28,426.3778381347656,619.3910522460938
28,373.01116943359375,744.964599609375
29,0.0,0.0
29,0.0,0.0
29,0.0,0.0
29,0.0,0.0
29,0.0,0.0
29,0.0,0.0
29,0.0,0.0
29,0.0,0.0
29,236.7898406982422,0.0
29,0.0,0.0
29,261.7787780761719,75.5137939453125
29,517.8695678710938,99.0647964477539
29,328.5792236328125,104.75475311279297
29,563.8781127929688,404.4499816894531
29,388.42120361328125,447.0960388183594
29,438.4453125,633.9025268554688
29,373.3944396972656,744.8009033203125
30,0.0,0.0
30,0.0,0.0
30,0.0,0.0
30,0.0,0.0
30,0.0,0.0
30,0.0,0.0
30,0.0,0.0
30,0.0,0.0
30,239.61643981933594,0.0
30,0.0,0.0
30,269.1365051269531,67.92965698242188
30,532.7067260742188,99.3522720336914
30,337.9150085449219,103.845703125
30,578.3248901367188,407.05145263671875
30,390.64984130859375,444.3946838378906
30,459.122802734375,644.4638671875
30,374.1522216796875,744.8706665039062
31,0.0,0.0
31,0.0,0.0
31,0.0,0.0
31,0.0,0.0
31,0.0,0.0
31,0.0,0.0
31,0.0,0.0
31,0.0,0.0
31,244.42922973632812,0.0
31,587.89892578125,130.34573364257812
31,286.1423645019531,66.61212158203125
31,540.0033569335938,108.30766296386719
31,343.5061340332031,113.3250732421875
31,588.427001953125,411.0458679199219
31,390.6431579589844,446.65118408203125
31,478.9207763671875,649.2105102539062
31,373.8047790527344,741.011962890625
32,0.0,0.0
32,0.0,0.0
32,0.0,0.0
32,0.0,0.0
32,0.0,0.0
32,0.0,0.0
32,0.0,0.0
32,0.0,0.0
32,0.0,0.0
32,0.0,0.0
32,303.5443115234375,67.07279205322266
32,548.0133056640625,101.14798736572266
32,351.9383239746094,105.29962921142578
32,601.2603149414062,413.8695373535156
32,387.39129638671875,445.3113098144531
32,484.6148986816406,661.1738891601562
32,369.4623718261719,748.728515625
33,0.0,0.0
33,0.0,0.0
33,0.0,0.0
33,0.0,0.0
33,0.0,0.0
33,0.0,0.0
33,0.0,0.0
33,0.0,0.0
33,274.3775329589844,0.0
33,0.0,0.0
33,309.08892822265625,60.007049560546875
33,552.9236450195312,111.16211700439453
33,360.07183837890625,117.24687194824219
33,616.0111083984375,412.4742126464844
33,395.84893798828125,442.774658203125
33,513.2830200195312,670.9962768554688
33,376.76513671875,749.1161499023438
34,0.0,0.0
34,0.0,0.0
34,0.0,0.0
34,0.0,0.0
34,0.0,0.0
34,0.0,0.0
34,0.0,0.0
34,0.0,0.0
34,0.0,0.0
34,0.0,0.0
34,313.93231201171875,54.420570373535156
34,564.7239990234375,117.27861785888672
34,372.6719970703125,126.4416732788086
34,626.4051513671875,417.26873779296875
34,402.1967468261719,450.14593505859375
34,536.5995483398438,678.3682250976562
34,379.96142578125,750.0897827148438
35,0.0,0.0
35,0.0,0.0
35,0.0,0.0
35,0.0,0.0
35,0.0,0.0
35,0.0,0.0
35,0.0,0.0
35,0.0,0.0
35,0.0,0.0
35,626.7493286132812,143.8444061279297
35,327.1242980957031,48.749061584472656
35,576.5789794921875,113.48405456542969
35,380.818359375,120.99295806884766
35,635.267578125,418.4154052734375
35,403.5544738769531,440.4562072753906
35,562.3590087890625,689.70849609375
35,380.3623352050781,736.4279174804688
36,0.0,0.0
36,0.0,0.0
36,0.0,0.0
36,0.0,0.0
36,0.0,0.0
36,0.0,0.0
36,0.0,0.0
36,0.0,0.0
36,0.0,0.0
36,0.0,0.0
36,343.3404235839844,53.331390380859375
36,584.9266357421875,113.24880981445312
36,387.7566223144531,116.04393768310547
36,649.3817749023438,422.53558349609375
36,406.94854736328125,433.8615417480469
36,593.858642578125,704.2203369140625
36,391.1640930175781,739.0409545898438
37,0.0,0.0
37,0.0,0.0
37,0.0,0.0
37,0.0,0.0
37,0.0,0.0
37,0.0,0.0
37,0.0,0.0
37,0.0,0.0
37,0.0,0.0
37,0.0,0.0
37,359.75665283203125,55.130699157714844
37,589.3768310546875,119.54972076416016
37,399.5409240722656,123.31377410888672
37,656.0863037109375,433.8166809082031
37,415.00518798828125,444.7269592285156
37,623.0549926757812,719.0570068359375
37,400.2507019042969,748.4052124023438
38,0.0,0.0
38,0.0,0.0
38,0.0,0.0
38,0.0,0.0
38,0.0,0.0
38,0.0,0.0
38,0.0,0.0
38,0.0,0.0
38,0.0,0.0
38,0.0,0.0
38,368.63690185546875,47.60870361328125
38,590.8233032226562,135.03414916992188
38,402.0786437988281,141.3152618408203
38,676.3346557617188,445.9043273925781
38,411.50146484375,459.85125732421875
38,661.7623901367188,724.4778442382812
38,401.5348205566406,748.0156860351562
39,0.0,0.0
39,0.0,0.0
39,0.0,0.0
39,0.0,0.0
39,0.0,0.0
39,0.0,0.0
39,0.0,0.0
39,0.0,0.0
39,0.0,0.0
39,0.0,0.0
39,0.0,0.0
39,600.4361572265625,138.2084197998047
39,420.689208984375,144.68069458007812
39,679.1810302734375,452.888671875
39,412.3039245605469,460.4461669921875
39,691.809326171875,735.0899658203125
39,408.412841796875,747.362548828125
40,0.0,0.0
40,0.0,0.0
40,0.0,0.0
40,0.0,0.0
40,0.0,0.0
40,0.0,0.0
40,0.0,0.0
40,0.0,0.0
40,0.0,0.0
40,0.0,0.0
40,398.3496398925781,58.20707702636719
40,603.4736938476562,125.69036865234375
40,425.3164978027344,134.8655242919922
40,681.2787475585938,441.2969970703125
40,409.7567443847656,459.436279296875
40,740.255126953125,727.7501220703125
40,415.0711669921875,745.353759765625
41,0.0,0.0
41,0.0,0.0
41,0.0,0.0
41,0.0,0.0
41,0.0,0.0
41,0.0,0.0
41,0.0,0.0
41,0.0,0.0
41,0.0,0.0
41,669.5344848632812,149.42820739746094
41,414.7445983886719,58.782440185546875
41,607.8173217773438,139.6082763671875
41,442.80615234375,147.08282470703125
41,685.1101684570312,446.7608642578125
41,420.138427734375,461.8271789550781
41,759.8032836914062,734.00341796875
41,417.1021728515625,748.5252685546875
42,0.0,0.0
42,0.0,0.0
42,0.0,0.0
42,0.0,0.0
42,0.0,0.0
42,0.0,0.0
42,0.0,0.0
42,0.0,0.0
42,0.0,0.0
42,677.6317138671875,141.73159790039062
42,420.2093200683594,66.54776000976562
42,611.1392211914062,125.4924087524414
42,445.3853759765625,138.36209106445312
42,691.6915283203125,447.5548095703125
42,424.76422119140625,470.4053039550781
42,794.8214721679688,735.9540405273438
42,426.6712951660156,749.1575927734375
43,0.0,0.0
43,0.0,0.0
43,0.0,0.0
43,0.0,0.0
43,0.0,0.0
43,0.0,0.0
43,0.0,0.0
43,0.0,0.0
43,0.0,0.0
43,687.2564697265625,131.70635986328125
43,428.1363830566406,56.28666687011719
43,624.4879760742188,133.25491333007812
43,459.20465087890625,145.72386169433594
43,702.041015625,452.52410888671875
43,428.167724609375,475.5755310058594
43,816.3777465820312,733.7418823242188
43,429.3136901855469,747.0860595703125
44,0.0,0.0
44,0.0,0.0
44,0.0,0.0
44,0.0,0.0
44,0.0,0.0
44,0.0,0.0
44,0.0,0.0
44,670.8269653320312,12.36328125
44,0.0,0.0
44,696.5851440429688,138.0108184814453
44,447.4028625488281,60.16387939453125
44,632.5443725585938,141.6232452392578
44,469.3125305175781,151.64810180664062
44,713.8877563476562,456.7273864746094
44,433.2950134277344,476.5096740722656
44,830.5345458984375,739.3430786132812
44,431.4472961425781,750.4523315429688
45,0.0,0.0
45,0.0,0.0
45,0.0,0.0
45,0.0,0.0
45,0.0,0.0
45,0.0,0.0
45,0.0,0.0
45,0.0,0.0
45,0.0,0.0
45,701.9262084960938,129.91607666015625
45,466.7660827636719,73.00682830810547
45,642.7840576171875,131.90933227539062
45,488.165771484375,140.49505615234375
45,720.1298217773438,459.9174499511719
45,450.6258850097656,475.86029052734375
45,829.205810546875,744.0106201171875
45,429.41558837890625,749.460205078125
46,0.0,0.0
46,0.0,0.0
46,0.0,0.0
46,0.0,0.0
46,0.0,0.0
46,0.0,0.0
46,0.0,0.0
46,0.0,0.0
46,0.0,0.0
46,709.2864990234375,134.83938598632812
46,478.8050537109375,80.4008560180664
46,652.468505859375,136.57131958007812
46,497.0386047363281,146.379150390625
46,732.9286499023438,466.9585876464844
46,459.8008117675781,482.9480895996094
46,828.633544921875,750.43505859375
46,422.5448303222656,753.8873901367188
47,0.0,0.0
47,0.0,0.0
47,0.0,0.0
47,0.0,0.0
47,0.0,0.0
47,0.0,0.0
47,0.0,0.0
47,0.0,0.0
47,0.0,0.0
47,716.278076171875,138.47389221191406
47,484.4891052246094,88.9940185546875
47,663.1744384765625,142.22625732421875
47,512.5770263671875,151.83755493164062
47,740.1066284179688,477.4665832519531
47,466.2489929199219,490.5102844238281
47,831.4341430664062,758.7969360351562
47,421.41229248046875,758.0093994140625
48,0.0,0.0
48,0.0,0.0
48,0.0,0.0
48,0.0,0.0
48,0.0,0.0
48,0.0,0.0
48,0.0,0.0
48,0.0,0.0
48,0.0,0.0
48,0.0,0.0
48,489.23382568359375,83.0801010131836
48,684.5745849609375,144.90184020996094
48,523.5338134765625,153.8232879638672
48,750.8193969726562,476.0328674316406
48,471.18585205078125,488.7926330566406
48,831.41162109375,762.2974243164062
48,427.47308349609375,762.3847045898438
49,0.0,0.0
49,0.0,0.0
49,0.0,0.0
49,0.0,0.0
49,0.0,0.0
49,0.0,0.0
49,0.0,0.0
49,0.0,0.0
49,0.0,0.0
49,0.0,0.0
49,506.4591369628906,82.16651916503906
49,698.8326416015625,147.8563995361328
49,540.60302734375,153.68112182617188
49,758.9867553710938,477.3708190917969
49,484.4732666015625,482.16650390625
49,831.9290771484375,764.6590576171875
49,435.9935607910156,757.8570556640625
50,0.0,0.0
50,0.0,0.0
50,0.0,0.0
50,0.0,0.0
50,0.0,0.0
50,0.0,0.0
50,0.0,0.0
50,0.0,0.0
50,0.0,0.0
50,0.0,0.0
50,514.3508911132812,79.13113403320312
50,716.8330078125,136.2705841064453
50,560.208740234375,141.16717529296875
50,768.3901977539062,477.2276916503906
50,501.91473388671875,479.9691467285156
50,831.5252075195312,761.1625366210938
50,439.26727294921875,752.6370849609375
51,0.0,0.0
51,0.0,0.0
51,0.0,0.0
51,0.0,0.0
51,0.0,0.0
51,0.0,0.0
51,0.0,0.0
51,0.0,0.0
51,0.0,0.0
51,0.0,0.0
51,518.0684814453125,81.60026550292969
51,734.5904541015625,145.13929748535156
51,579.3639526367188,148.21559143066406
51,780.8549194335938,484.11676025390625
51,513.7877807617188,484.9913635253906
51,835.9884033203125,762.972900390625
51,440.91668701171875,755.0883178710938
52,0.0,0.0
52,0.0,0.0
52,0.0,0.0
52,0.0,0.0
52,0.0,0.0
52,0.0,0.0
52,0.0,0.0
52,0.0,0.0
52,0.0,0.0
52,0.0,0.0
52,0.0,0.0
52,748.5882568359375,119.78670501708984
52,597.16796875,123.2607421875
52,798.3662719726562,475.2286376953125
52,542.0338134765625,472.4443359375
52,835.0446166992188,762.9842529296875
52,440.62261962890625,744.5987548828125
53,0.0,0.0
53,0.0,0.0
53,0.0,0.0
53,0.0,0.0
53,0.0,0.0
53,0.0,0.0
53,0.0,0.0
53,0.0,0.0
53,0.0,0.0
53,0.0,0.0
53,0.0,0.0
53,761.2936401367188,129.87167358398438
53,613.2622680664062,139.64881896972656
53,822.687744140625,468.52618408203125
53,570.0066528320312,473.0556640625
53,843.0664672851562,753.6668701171875
53,452.99261474609375,739.9010620117188
54,0.0,0.0
54,0.0,0.0
54,0.0,0.0
54,0.0,0.0
54,0.0,0.0
54,0.0,0.0
54,0.0,0.0
54,0.0,0.0
54,0.0,0.0
54,0.0,0.0
54,0.0,0.0
54,767.7350463867188,113.14505767822266
54,645.5900268554688,119.35352325439453
54,816.1790771484375,472.75762939453125
54,610.1633911132812,470.7620849609375
54,832.7838134765625,766.625244140625
54,448.1561279296875,729.8530883789062
55,0.0,0.0
55,0.0,0.0
55,0.0,0.0
55,0.0,0.0
55,0.0,0.0
55,0.0,0.0
55,0.0,0.0
55,0.0,0.0
55,0.0,0.0
55,0.0,0.0
55,0.0,0.0
55,788.34814453125,119.13514709472656
55,666.4323120117188,124.90956115722656
55,850.450927734375,462.7081604003906
55,627.4312133789062,456.2593078613281
55,841.8499145507812,754.05029296875
55,469.66619873046875,727.3847045898438
56,0.0,0.0
56,0.0,0.0
56,0.0,0.0
56,0.0,0.0
56,0.0,0.0
56,0.0,0.0
56,0.0,0.0
56,0.0,0.0
56,0.0,0.0
56,0.0,0.0
56,0.0,0.0
56,788.2369995117188,118.18281555175781
56,680.655029296875,124.42918395996094
56,853.391845703125,460.8937072753906
56,649.722412109375,452.6984558105469
56,836.49560546875,752.368896484375
56,484.1850891113281,723.7567749023438
57,0.0,0.0
57,0.0,0.0
57,0.0,0.0
57,0.0,0.0
57,0.0,0.0
57,0.0,0.0
57,0.0,0.0
57,0.0,0.0
57,0.0,0.0
57,0.0,0.0
57,0.0,0.0
57,796.6241455078125,94.98875427246094
57,704.1613159179688,103.98289489746094
57,848.43994140625,451.9160461425781
57,690.0537719726562,447.6230163574219
57,826.6292724609375,753.1290893554688
57,500.0871276855469,711.3648071289062
58,0.0,0.0
58,0.0,0.0
58,0.0,0.0
58,0.0,0.0
58,0.0,0.0
58,0.0,0.0
58,0.0,0.0
58,0.0,0.0
58,0.0,0.0
58,0.0,0.0
58,0.0,0.0
58,815.5274658203125,84.97869873046875
58,722.3792724609375,90.97151184082031
58,865.4632568359375,449.2079162597656
58,719.4527587890625,440.63067626953125
58,832.6085815429688,753.1077270507812
58,524.9152221679688,705.9703369140625
59,0.0,0.0
59,0.0,0.0
59,0.0,0.0
59,0.0,0.0
59,0.0,0.0
59,0.0,0.0
59,0.0,0.0
59,0.0,0.0
59,0.0,0.0
59,0.0,0.0
59,0.0,0.0
59,824.1300659179688,90.11288452148438
59,730.6058349609375,92.65974426269531
59,883.6578979492188,458.22967529296875
59,747.8694458007812,443.4415588378906
59,832.97119140625,764.5783081054688
59,547.1859130859375,707.2166748046875
60,0.0,0.0
60,0.0,0.0
60,0.0,0.0
60,0.0,0.0
60,0.0,0.0
60,0.0,0.0
60,0.0,0.0
60,0.0,0.0
60,0.0,0.0
60,0.0,0.0
60,0.0,0.0
60,830.023681640625,84.53343200683594
60,737.6151123046875,85.33671569824219
60,898.9356689453125,452.5090026855469
60,770.39453125,435.14337158203125
60,834.3720703125,761.15283203125
60,573.8886108398438,707.4744873046875
61,0.0,0.0
61,0.0,0.0
61,0.0,0.0
61,0.0,0.0
61,0.0,0.0
61,0.0,0.0
61,0.0,0.0
61,0.0,0.0
61,0.0,0.0
61,925.116455078125,128.66575622558594
61,607.0405883789062,80.7656021118164
61,834.2867431640625,80.1111831665039
61,736.786865234375,80.87873840332031
61,888.8252563476562,457.2411193847656
61,815.3353881835938,436.0104675292969
61,820.154541015625,783.8886108398438
61,601.0197143554688,698.9622802734375
62,0.0,0.0
62,0.0,0.0
62,0.0,0.0
62,0.0,0.0
62,0.0,0.0
62,0.0,0.0
62,0.0,0.0
62,0.0,0.0
62,0.0,0.0
62,940.8885498046875,122.04084777832031
62,609.107421875,65.8838882446289
62,836.693115234375,85.76522827148438
62,741.3286743164062,87.1146240234375
62,904.51904296875,454.5163879394531
62,832.2100219726562,440.2795715332031
62,838.90234375,777.2357177734375
62,619.5602416992188,706.8294067382812
63,0.0,0.0
63,0.0,0.0
63,0.0,0.0
63,0.0,0.0
63,0.0,0.0
63,0.0,0.0
63,0.0,0.0
63,0.0,0.0
63,0.0,0.0
63,958.7245483398438,119.31065368652344
63,643.7034301757812,65.12763977050781
63,839.1727294921875,80.8326187133789
63,759.7862548828125,83.3415756225586
63,907.1138305664062,451.9446105957031
63,866.3994750976562,441.5251770019531
63,839.3329467773438,769.5007934570312
63,651.2279663085938,702.7366943359375
64,0.0,0.0
64,0.0,0.0
64,0.0,0.0
64,0.0,0.0
64,0.0,0.0
64,0.0,0.0
64,0.0,0.0
64,0.0,0.0
64,0.0,0.0
64,984.6804809570312,102.28289794921875
64,648.13916015625,69.35861206054688
64,859.2120361328125,76.9841537475586
64,763.9364013671875,79.03887176513672
64,927.8062133789062,445.669677734375
64,888.4429931640625,440.7301025390625
64,835.6620483398438,767.5364379882812
64,694.433349609375,724.6786499023438
65,0.0,0.0
65,0.0,0.0
65,0.0,0.0
65,0.0,0.0
65,0.0,0.0
65,0.0,0.0
65,0.0,0.0
65,0.0,0.0
65,0.0,0.0
65,1002.5123291015625,99.990966796875
65,651.646728515625,73.91297149658203
65,882.7840576171875,61.22035217285156
65,760.7650146484375,63.608299255371094
65,947.3908081054688,432.2647705078125
65,903.5792236328125,429.59979248046875
65,840.0360717773438,776.1302490234375
65,757.3076171875,748.7191772460938
66,0.0,0.0
66,0.0,0.0
66,0.0,0.0
66,0.0,0.0
66,0.0,0.0
66,0.0,0.0
66,0.0,0.0
66,0.0,0.0
66,0.0,0.0
66,1019.5924682617188,92.51591491699219
66,664.820068359375,65.83470153808594
66,884.9822387695312,65.24679565429688
66,771.5984497070312,58.885894775390625
66,944.312255859375,426.212158203125
66,911.0714721679688,412.79693603515625
66,829.4203491210938,765.6398315429688
66,808.5294799804688,746.9205322265625
67,0.0,0.0
67,0.0,0.0
67,0.0,0.0
67,0.0,0.0
67,0.0,0.0
67,0.0,0.0
67,0.0,0.0
67,0.0,0.0
67,0.0,0.0
67,1033.07373046875,79.7687759399414
67,669.2197265625,60.54668426513672
67,884.7083129882812,71.1042709350586
67,792.9633178710938,65.08049011230469
67,927.844482421875,422.8261413574219
67,942.161376953125,417.30242919921875
67,802.0513916015625,761.3673706054688
67,855.219970703125,760.6221313476562
68,0.0,0.0
68,0.0,0.0
68,0.0,0.0
68,0.0,0.0
68,0.0,0.0
68,0.0,0.0
68,0.0,0.0
68,0.0,0.0
68,0.0,0.0
68,1050.3739013671875,75.9371109008789
68,685.0831298828125,67.2853775024414
68,892.3529663085938,79.15873718261719
68,806.6751708984375,73.59235382080078
68,925.7708129882812,431.5356750488281
68,957.3843994140625,422.302734375
68,814.6732177734375,776.15771484375
68,886.7582397460938,765.1666870117188
69,0.0,0.0
69,0.0,0.0
69,0.0,0.0
69,0.0,0.0
69,0.0,0.0
69,0.0,0.0
69,0.0,0.0
69,0.0,0.0
69,0.0,0.0
69,0.0,0.0
69,704.8591918945312,63.205902099609375
69,881.7953491210938,66.65336608886719
69,822.698974609375,57.76652526855469
69,922.0955200195312,428.25048828125
69,974.4127807617188,422.4922790527344
69,791.8134765625,769.5357666015625
69,905.36669921875,783.5233764648438
70,0.0,0.0
70,0.0,0.0
70,0.0,0.0
70,0.0,0.0
70,0.0,0.0
70,0.0,0.0
70,0.0,0.0
70,0.0,0.0
70,0.0,0.0
70,1094.242431640625,61.84812927246094
70,705.0081787109375,61.482421875
70,915.6278686523438,76.25779724121094
70,824.1522827148438,70.84783172607422
70,919.8645629882812,430.6269836425781
70,981.1265258789062,425.8334655761719
70,805.549072265625,779.093505859375
70,961.4122924804688,784.4653930664062
71,0.0,0.0
71,0.0,0.0
71,0.0,0.0
71,0.0,0.0
71,0.0,0.0
71,0.0,0.0
71,0.0,0.0
71,0.0,0.0
71,0.0,0.0
71,0.0,0.0
71,726.1319580078125,67.81175994873047
71,922.4447021484375,64.728515625
71,850.6150512695312,61.37937927246094
71,916.7940673828125,441.5936279296875
71,1007.766357421875,441.2141418457031
71,807.6853637695312,781.1171264648438
71,1003.4400024414062,795.1417846679688
72,0.0,0.0
72,0.0,0.0
72,0.0,0.0
72,0.0,0.0
72,0.0,0.0
72,0.0,0.0
72,0.0,0.0
72,0.0,0.0
72,0.0,0.0
72,0.0,0.0
72,742.46630859375,69.15609741210938
72,938.2318725585938,71.95145416259766
72,867.0562133789062,67.48915100097656
72,922.1510620117188,443.543701171875
72,1030.59814453125,448.06964111328125
72,808.6194458007812,784.2024536132812
72,1037.9901123046875,808.166748046875
73,0.0,0.0
73,0.0,0.0
73,0.0,0.0
73,0.0,0.0
73,0.0,0.0
73,0.0,0.0
73,0.0,0.0
73,0.0,0.0
73,771.3853149414062,0.0
73,0.0,0.0
73,747.4743041992188,76.0612564086914
73,963.1221923828125,87.16181945800781
73,879.3032836914062,81.05879974365234
73,923.5198974609375,450.8447570800781
73,1042.37255859375,450.81170654296875
73,814.96533203125,789.9501342773438
73,1089.454833984375,808.2989501953125
74,0.0,0.0
74,0.0,0.0
74,0.0,0.0
74,0.0,0.0
74,0.0,0.0
74,0.0,0.0
74,0.0,0.0
74,0.0,0.0
74,781.3378295898438,0.0
74,0.0,0.0
74,755.1253662109375,74.08085632324219
74,978.8703002929688,89.5843505859375
74,887.9121704101562,86.12885284423828
74,923.4990234375,448.82666015625
74,1048.9244384765625,458.68157958984375
74,813.1589965820312,780.8466796875
74,1123.283203125,818.7694702148438
75,0.0,0.0
75,0.0,0.0
75,0.0,0.0
75,0.0,0.0
75,0.0,0.0
75,0.0,0.0
75,0.0,0.0
75,0.0,0.0
75,795.5894165039062,0.0
75,0.0,0.0
75,779.5343627929688,82.09659576416016
75,992.7174682617188,90.18388366699219
75,899.4397583007812,83.68700408935547
75,920.4338989257812,458.54315185546875
75,1058.4613037109375,461.5716247558594
75,820.855224609375,781.3705444335938
75,1163.879638671875,814.297119140625
76,0.0,0.0
76,0.0,0.0
76,0.0,0.0
76,0.0,0.0
76,0.0,0.0
76,0.0,0.0
76,0.0,0.0
76,0.0,0.0
76,805.53173828125,0.0
76,0.0,0.0
76,802.8873291015625,84.5244140625
76,1021.28173828125,98.24665832519531
76,915.4686279296875,96.66764831542969
76,924.6141357421875,459.4134826660156
76,1068.817626953125,472.2814636230469
76,825.7674560546875,774.4956665039062
76,1207.5579833984375,820.3599243164062
77,0.0,0.0
77,0.0,0.0
77,0.0,0.0
77,0.0,0.0
77,0.0,0.0
77,0.0,0.0
77,0.0,0.0
77,0.0,0.0
77,826.82666015625,0.0
77,0.0,0.0
77,813.0860595703125,86.7948989868164
77,1024.7120361328125,94.68974304199219
77,921.5118408203125,88.90425109863281
77,933.2210693359375,459.5374450683594
77,1083.939697265625,465.06988525390625
77,836.1845092773438,782.7779541015625
77,1230.8892822265625,822.5411376953125
78,0.0,0.0
78,0.0,0.0
78,0.0,0.0
78,0.0,0.0
78,0.0,0.0
78,0.0,0.0
78,0.0,0.0
78,0.0,0.0
78,828.8265380859375,0.0
78,0.0,0.0
78,831.485595703125,89.35647583007812
78,1047.928466796875,112.3783950805664
78,943.810546875,109.86463165283203
78,936.8450317382812,471.7723388671875
78,1100.60546875,483.1552734375
78,843.2655029296875,780.8203125
78,1256.1744384765625,818.8145141601562
79,0.0,0.0
79,0.0,0.0
79,0.0,0.0
79,0.0,0.0
79,0.0,0.0
79,0.0,0.0
79,0.0,0.0
79,0.0,0.0
79,844.3665161132812,0.0
79,0.0,0.0
79,846.450439453125,99.67684936523438
79,1058.1290283203125,120.8429946899414
79,962.9771728515625,115.58003997802734
79,943.2432861328125,480.2687072753906
79,1126.4930419921875,492.5142822265625
79,840.0462036132812,779.0343017578125
79,1280.31396484375,825.0734252929688
80,0.0,0.0
80,0.0,0.0
80,0.0,0.0
80,0.0,0.0
80,0.0,0.0
80,0.0,0.0
80,0.0,0.0
80,0.0,0.0
80,855.2164306640625,0.0
80,0.0,0.0
80,859.8382568359375,98.74497985839844
80,1083.037109375,128.2130126953125
80,984.9153442382812,124.60816955566406
80,957.5255737304688,479.5918884277344
80,1144.4464111328125,499.4412536621094
80,843.5760498046875,775.38427734375
80,1298.7064208984375,834.0225830078125
81,0.0,0.0
81,0.0,0.0
81,0.0,0.0
81,0.0,0.0
81,0.0,0.0
81,0.0,0.0
81,0.0,0.0
81,0.0,0.0
81,878.6182250976562,0.0
81,0.0,0.0
81,883.5152587890625,103.37663269042969
81,1100.1121826171875,114.42063903808594
81,1004.8024291992188,109.49546813964844
81,966.0254516601562,479.5701599121094
81,1160.7132568359375,501.0687561035156
81,842.6092529296875,775.6497802734375
81,1310.679443359375,842.3719482421875
82,0.0,0.0
82,0.0,0.0
82,0.0,0.0
82,0.0,0.0
82,0.0,0.0
82,0.0,0.0
82,0.0,0.0
82,0.0,0.0
82,905.9547729492188,0.0
82,0.0,0.0
82,904.6714477539062,104.20452117919922
82,1127.9666748046875,125.27769470214844
82,1024.5867919921875,118.06004333496094
82,988.42333984375,482.4953918457031
82,1173.9278564453125,501.1740417480469
82,841.1182250976562,773.8907470703125
82,1314.636962890625,841.9764404296875
83,0.0,0.0
83,0.0,0.0
83,0.0,0.0
83,0.0,0.0
83,0.0,0.0
83,0.0,0.0
83,0.0,0.0
83,0.0,0.0
83,932.5718994140625,0.0
83,0.0,0.0
83,927.3653564453125,94.32836151123047
83,1143.949951171875,102.3526840209961
83,1036.5587158203125,95.2239990234375
83,1007.8837280273438,461.0519714355469
83,1182.1378173828125,485.0525207519531
83,844.8154907226562,757.4151000976562
83,1313.5296630859375,842.42578125
84,0.0,0.0
84,0.0,0.0
84,0.0,0.0
84,0.0,0.0
84,0.0,0.0
84,0.0,0.0
84,0.0,0.0
84,0.0,0.0
84,0.0,0.0
84,0.0,0.0
84,0.0,0.0
84,1145.4771728515625,100.78504943847656
84,1040.4635009765625,99.45542907714844
84,1038.5550537109375,450.3779602050781
84,1206.3870849609375,474.73809814453125
84,858.2947998046875,758.1024169921875
84,1314.81005859375,839.681396484375
85,0.0,0.0
85,0.0,0.0
85,0.0,0.0
85,0.0,0.0
85,0.0,0.0
85,0.0,0.0
85,0.0,0.0
85,0.0,0.0
85,0.0,0.0
85,0.0,0.0
85,940.9521484375,83.14022827148438
85,1163.01806640625,103.87751770019531
85,1059.3262939453125,105.27671813964844
85,1051.3260498046875,455.642333984375
85,1222.63623046875,486.13531494140625
85,859.0464477539062,752.331298828125
85,1313.8773193359375,840.90234375
86,0.0,0.0
86,0.0,0.0
86,0.0,0.0
86,0.0,0.0
86,0.0,0.0
86,0.0,0.0
86,0.0,0.0
86,0.0,0.0
86,0.0,0.0
86,0.0,0.0
86,974.3274536132812,85.61549377441406
86,1201.7684326171875,91.43751525878906
86,1079.4901123046875,91.78596496582031
86,1088.7315673828125,450.2908630371094
86,1230.156005859375,482.01556396484375
86,873.485595703125,747.1792602539062
86,1305.7225341796875,844.93798828125
87,0.0,0.0
87,0.0,0.0
87,0.0,0.0
87,0.0,0.0
87,0.0,0.0
87,0.0,0.0
87,0.0,0.0
87,0.0,0.0
87,1008.4046630859375,0.0
87,0.0,0.0
87,1006.4063110351562,83.5968017578125
87,1223.2498779296875,87.51727294921875
87,1104.5885009765625,85.9149169921875
87,1100.9267578125,466.2631530761719
87,1243.9423828125,510.3401184082031
87,869.5574340820312,722.674072265625
87,1318.91162109375,845.0426025390625
88,0.0,0.0
88,0.0,0.0
88,0.0,0.0
88,0.0,0.0
88,0.0,0.0
88,0.0,0.0
88,0.0,0.0
88,0.0,0.0
88,1025.802978515625,0.0
88,0.0,0.0
88,1036.2545166015625,87.09095764160156
88,1240.3323974609375,90.8023452758789
88,1118.0203857421875,87.8854751586914
88,1125.6424560546875,464.2610168457031
88,1252.2445068359375,510.2980041503906
88,887.2238159179688,713.4208984375
88,1315.6864013671875,845.4296264648438
89,0.0,0.0
89,0.0,0.0
89,0.0,0.0
89,0.0,0.0
89,0.0,0.0
89,0.0,0.0
89,0.0,0.0
89,0.0,0.0
89,1033.02294921875,0.0
89,0.0,0.0
89,1049.4005126953125,83.18108367919922
89,1259.98681640625,85.6764907836914
89,1123.4735107421875,86.2734375
89,1164.6634521484375,447.3813171386719
89,1257.658935546875,505.2810974121094
89,908.2926635742188,692.946044921875
89,1309.1405029296875,849.8753051757812
90,0.0,0.0
90,0.0,0.0
90,0.0,0.0
90,0.0,0.0
90,0.0,0.0
90,0.0,0.0
90,0.0,0.0
90,0.0,0.0
90,1070.103515625,0.0
90,0.0,0.0
90,1080.86181640625,77.1939468383789
90,1277.4654541015625,91.47908020019531
90,1135.2830810546875,91.12053680419922
90,1188.66552734375,456.1136474609375
90,1264.762939453125,514.4531860351562
90,932.0240478515625,682.6734619140625
90,1307.734375,846.9984741210938
91,0.0,0.0
91,0.0,0.0
91,0.0,0.0
91,0.0,0.0
91,0.0,0.0
91,0.0,0.0
91,0.0,0.0
91,0.0,0.0
91,1092.05029296875,0.0
91,0.0,0.0
91,1107.5780029296875,69.68943786621094
91,1302.0802001953125,87.04877471923828
91,1150.86767578125,89.5865249633789
91,1216.2447509765625,450.6021423339844
91,1262.3228759765625,516.5205078125
91,963.2417602539062,671.640625
91,1306.20166015625,851.0548095703125
92,0.0,0.0
92,0.0,0.0
92,0.0,0.0
92,0.0,0.0
92,0.0,0.0
92,0.0,0.0
92,0.0,0.0
92,0.0,0.0
92,1113.3096923828125,0.0
92,0.0,0.0
92,1137.716064453125,66.42395782470703
92,1327.0550537109375,86.55562591552734
92,1174.7833251953125,85.51652526855469
92,1236.9268798828125,456.71441650390625
92,1259.4268798828125,520.5767211914062
92,990.4239501953125,669.478759765625
92,1310.2218017578125,855.5308227539062
93,0.0,0.0
93,0.0,0.0
93,0.0,0.0
93,0.0,0.0
93,0.0,0.0
93,0.0,0.0
93,0.0,0.0
93,0.0,0.0
93,1140.086181640625,0.0
93,0.0,0.0
93,1164.3870849609375,60.466758728027344
93,1339.552734375,96.08001708984375
93,1194.4697265625,101.50909423828125
93,1257.161865234375,456.439208984375
93,1267.886962890625,531.4493408203125
93,1032.5419921875,661.1558837890625
93,1314.7896728515625,858.171630859375
94,0.0,0.0
94,0.0,0.0
94,0.0,0.0
94,0.0,0.0
94,0.0,0.0
94,0.0,0.0
94,0.0,0.0
94,0.0,0.0
94,1173.3701171875,0.0
94,0.0,0.0
94,1200.14599609375,63.103294372558594
94,1341.5877685546875,97.00982666015625
94,1217.93701171875,102.5954818725586
94,1262.25146484375,459.6423645019531
94,1290.987548828125,533.8809814453125
94,1050.5362548828125,671.490966796875
94,1314.26318359375,852.5242309570312
95,0.0,0.0
95,0.0,0.0
95,0.0,0.0
95,0.0,0.0
95,0.0,0.0
95,0.0,0.0
95,0.0,0.0
95,0.0,0.0
95,0.0,0.0
95,0.0,0.0
95,0.0,0.0
95,1382.6400146484375,95.92584228515625
95,1250.5181884765625,112.1143569946289
95,1313.2037353515625,442.01422119140625
95,1295.1231689453125,538.5538330078125
95,1106.26611328125,634.2138061523438
95,1305.5501708984375,854.0130615234375
96,0.0,0.0
96,0.0,0.0
96,0.0,0.0
96,0.0,0.0
96,0.0,0.0
96,0.0,0.0
96,0.0,0.0
96,0.0,0.0
96,0.0,0.0
96,0.0,0.0
96,1259.674072265625,41.82252502441406
96,1377.676025390625,96.7851333618164
96,1262.7138671875,118.28663635253906
96,1341.324462890625,416.51495361328125
96,1308.205810546875,518.4351196289062
96,1158.2567138671875,644.997802734375
96,1301.414306640625,865.1534423828125
97,0.0,0.0
97,0.0,0.0
97,0.0,0.0
97,0.0,0.0
97,0.0,0.0
97,0.0,0.0
97,0.0,0.0
97,0.0,0.0
97,0.0,0.0
97,0.0,0.0
97,1281.97705078125,28.039901733398438
97,1391.291015625,90.09976959228516
97,1271.1883544921875,105.00448608398438
97,1389.062255859375,426.6568908691406
97,1319.4649658203125,501.6601867675781
97,1250.535888671875,707.469482421875
97,1307.40087890625,877.7472534179688
98,0.0,0.0
98,0.0,0.0
98,0.0,0.0
98,0.0,0.0
98,0.0,0.0
98,0.0,0.0
98,0.0,0.0
98,0.0,0.0
98,0.0,0.0
98,0.0,0.0
98,0.0,0.0
98,1442.2310791015625,105.79486083984375
98,1278.258544921875,121.38848876953125
98,1464.8341064453125,421.055419921875
98,1310.5501708984375,502.1769104003906
98,1350.5399169921875,687.6084594726562
98,1306.44580078125,867.7537231445312
99,0.0,0.0
99,0.0,0.0
99,0.0,0.0
99,0.0,0.0
99,0.0,0.0
99,0.0,0.0
99,0.0,0.0
99,0.0,0.0
99,0.0,0.0
99,0.0,0.0
99,0.0,0.0
99,1464.84912109375,107.99505615234375
99,1294.197509765625,124.19579315185547
99,1478.1190185546875,424.1854248046875
99,1319.2474365234375,510.02435302734375
99,1342.42724609375,688.4529418945312
99,1301.732666015625,877.272216796875
100,0.0,0.0
100,0.0,0.0
100,0.0,0.0
100,0.0,0.0
100,0.0,0.0
100,0.0,0.0
100,0.0,0.0
100,0.0,0.0
100,0.0,0.0
100,0.0,0.0
100,0.0,0.0
100,1475.9251708984375,103.14537048339844
100,1293.6251220703125,117.72688293457031
100,1529.2197265625,417.1181945800781
100,1350.7406005859375,483.4101867675781
100,1372.056396484375,703.0222778320312
100,1311.11767578125,865.10595703125
101,0.0,0.0
101,0.0,0.0
101,0.0,0.0
101,0.0,0.0
101,0.0,0.0
101,0.0,0.0
101,0.0,0.0
101,0.0,0.0
101,0.0,0.0
101,0.0,0.0
101,0.0,0.0
101,1497.085205078125,99.73221588134766
101,1313.7664794921875,111.7837142944336
101,1537.3355712890625,434.00848388671875
101,1349.3583984375,499.7965393066406
101,1377.604736328125,709.8878173828125
101,1300.3837890625,874.2738647460938
102,0.0,0.0
102,0.0,0.0
102,0.0,0.0
102,0.0,0.0
102,0.0,0.0
102,0.0,0.0
102,0.0,0.0
102,0.0,0.0
102,0.0,0.0
102,0.0,0.0
102,0.0,0.0
102,1518.83935546875,103.13566589355469
102,1325.2296142578125,108.711181640625
102,1562.4232177734375,434.32830810546875
102,1350.5902099609375,484.0871276855469
102,1403.805908203125,727.8814086914062
102,1302.44140625,869.438232421875
103,0.0,0.0
103,0.0,0.0
103,0.0,0.0
103,0.0,0.0
103,0.0,0.0
103,0.0,0.0
103,0.0,0.0
103,0.0,0.0
103,0.0,0.0
103,0.0,0.0
103,0.0,0.0
103,1522.1051025390625,101.19628143310547
103,1337.4703369140625,109.346923828125
103,1572.153564453125,430.9662780761719
103,1359.724609375,496.6057434082031
103,1432.751953125,741.1448974609375
103,1304.1463623046875,892.8143920898438
104,0.0,0.0
104,0.0,0.0
104,0.0,0.0
104,0.0,0.0
104,0.0,0.0
104,0.0,0.0
104,0.0,0.0
104,0.0,0.0
104,0.0,0.0
104,0.0,0.0
104,0.0,0.0
104,1543.215087890625,84.01263427734375
104,1355.1883544921875,90.53633880615234
104,1595.7481689453125,433.6485900878906
104,1368.3824462890625,492.219482421875
104,1462.118408203125,750.4900512695312
104,1302.421142578125,887.0004272460938
105,0.0,0.0
105,0.0,0.0
105,0.0,0.0
105,0.0,0.0
105,0.0,0.0
105,0.0,0.0
105,0.0,0.0
105,0.0,0.0
105,0.0,0.0
105,0.0,0.0
105,0.0,0.0
105,1564.2188720703125,122.87200927734375
105,1360.64697265625,128.6590118408203
105,1631.320068359375,458.1966247558594
105,1368.546630859375,488.5257873535156
105,1513.5201416015625,763.8656616210938
105,1314.1466064453125,856.4573364257812
106,0.0,0.0
106,0.0,0.0
106,0.0,0.0
106,0.0,0.0
106,0.0,0.0
106,0.0,0.0
106,0.0,0.0
106,0.0,0.0
106,0.0,0.0
106,0.0,0.0
106,0.0,0.0
106,1573.49560546875,146.06039428710938
106,1371.5750732421875,154.92269897460938
106,1648.3221435546875,470.2771911621094
106,1371.6917724609375,505.2019958496094
106,1564.688232421875,770.739501953125
106,1321.3255615234375,865.2508544921875
107,0.0,0.0
107,0.0,0.0
107,0.0,0.0
107,0.0,0.0
107,0.0,0.0
107,0.0,0.0
107,0.0,0.0
107,0.0,0.0
107,0.0,0.0
107,0.0,0.0
107,0.0,0.0
107,1579.296142578125,142.95249938964844
107,1385.4483642578125,151.33840942382812
107,1656.7552490234375,473.5409851074219
107,1374.70703125,508.9752502441406
107,1614.7261962890625,778.4600830078125
107,1325.4920654296875,864.0421142578125
108,0.0,0.0
108,0.0,0.0
108,0.0,0.0
108,0.0,0.0
108,0.0,0.0
108,0.0,0.0
108,0.0,0.0
108,0.0,0.0
108,0.0,0.0
108,0.0,0.0
108,0.0,0.0
108,1601.470947265625,133.08119201660156
108,1409.384765625,148.06585693359375
108,1675.9368896484375,459.25982666015625
108,1384.015380859375,501.6170654296875
108,1657.33740234375,794.8055419921875
108,1314.8341064453125,865.673095703125
109,0.0,0.0
109,0.0,0.0
109,0.0,0.0
109,0.0,0.0
109,0.0,0.0
109,0.0,0.0
109,0.0,0.0
109,0.0,0.0
109,0.0,0.0
109,0.0,0.0
109,0.0,0.0
109,1603.4276123046875,172.9302520751953
109,1439.8739013671875,187.66932678222656
109,1676.2877197265625,471.25140380859375
109,1392.1116943359375,510.65234375
109,1715.6448974609375,805.2220458984375
109,1316.7720947265625,866.81640625
110,0.0,0.0
110,0.0,0.0
110,0.0,0.0
110,0.0,0.0
110,0.0,0.0
110,0.0,0.0
110,0.0,0.0
110,0.0,0.0
110,0.0,0.0
110,0.0,0.0
110,0.0,0.0
110,1608.13232421875,127.75282287597656
110,1452.0589599609375,142.31268310546875
110,1684.58251953125,463.8485412597656
110,1394.3056640625,508.9015808105469
110,1766.6507568359375,796.951171875
110,1322.4444580078125,856.4705810546875
111,0.0,0.0
111,0.0,0.0
111,0.0,0.0
111,0.0,0.0
111,0.0,0.0
111,0.0,0.0
111,0.0,0.0
111,0.0,0.0
111,0.0,0.0
111,0.0,0.0
111,0.0,0.0
111,1586.8800048828125,132.74432373046875
111,1463.901123046875,152.06607055664062
111,1677.574951171875,465.9454650878906
111,1413.6324462890625,523.0413818359375
111,1796.58837890625,803.3139038085938
111,1322.744384765625,863.83544921875
112,0.0,0.0
112,0.0,0.0
112,0.0,0.0
112,0.0,0.0
112,0.0,0.0
112,0.0,0.0
112,0.0,0.0
112,0.0,0.0
112,0.0,0.0
112,0.0,0.0
112,0.0,0.0
112,1604.671630859375,100.20858764648438
112,1477.3604736328125,111.43936157226562
112,1692.6390380859375,467.3048400878906
112,1416.1453857421875,517.3106689453125
112,1816.8427734375,801.1210327148438
112,1324.7373046875,867.6578979492188
113,0.0,0.0
113,0.0,0.0
113,0.0,0.0
113,0.0,0.0
113,0.0,0.0
113,0.0,0.0
113,0.0,0.0
113,0.0,0.0
113,0.0,0.0
113,0.0,0.0
113,0.0,0.0
113,1612.604736328125,103.17759704589844
113,1499.2520751953125,112.86749267578125
113,1707.2589111328125,459.723388671875
113,1425.6749267578125,506.0215759277344
113,1841.7103271484375,802.6287231445312
113,1320.9638671875,860.907958984375
114,0.0,0.0
114,0.0,0.0
114,0.0,0.0
114,0.0,0.0
114,0.0,0.0
114,0.0,0.0
114,0.0,0.0
114,0.0,0.0
114,0.0,0.0
114,0.0,0.0
114,0.0,0.0
114,1640.7952880859375,140.6455535888672
114,1514.100341796875,150.84823608398438
114,1731.4212646484375,480.26361083984375
114,1428.581298828125,524.7361450195312
114,1853.8800048828125,811.0105590820312
114,1319.48291015625,865.12744140625
115,0.0,0.0
115,0.0,0.0
115,0.0,0.0
115,0.0,0.0
115,0.0,0.0
115,0.0,0.0
115,0.0,0.0
115,0.0,0.0
115,0.0,0.0
115,0.0,0.0
115,0.0,0.0
115,1680.5185546875,122.14837646484375
115,1541.2882080078125,134.76187133789062
115,1759.2686767578125,471.4781188964844
115,1446.527587890625,515.013427734375
115,1868.5419921875,807.9691772460938
115,1323.85400390625,853.927001953125
116,0.0,0.0
116,0.0,0.0
116,0.0,0.0
116,0.0,0.0
116,0.0,0.0
116,0.0,0.0
116,0.0,0.0
116,0.0,0.0
116,0.0,0.0
116,0.0,0.0
116,0.0,0.0
116,1711.0283203125,135.9513702392578
116,1567.04052734375,146.0789337158203
116,1777.3121337890625,478.71746826171875
116,1458.22314453125,511.7707214355469
116,1873.0828857421875,813.3162231445312
116,1329.46875,844.9118041992188
117,0.0,0.0
117,0.0,0.0
117,0.0,0.0
117,0.0,0.0
117,0.0,0.0
117,0.0,0.0
117,0.0,0.0
117,0.0,0.0
117,0.0,0.0
117,0.0,0.0
117,0.0,0.0
117,1727.6107177734375,132.90811157226562
117,1597.6920166015625,136.71922302246094
117,1787.397705078125,497.50885009765625
117,1483.7691650390625,518.1101684570312
117,1881.295166015625,838.06298828125
117,1329.55517578125,850.13818359375
118,0.0,0.0
118,0.0,0.0
118,0.0,0.0
118,0.0,0.0
118,0.0,0.0
118,0.0,0.0
118,0.0,0.0
118,0.0,0.0
118,0.0,0.0
118,0.0,0.0
118,0.0,0.0
118,1753.6429443359375,192.02467346191406
118,1622.4427490234375,199.1217041015625
118,1804.917236328125,506.0902404785156
118,1498.4927978515625,528.1172485351562
118,1883.802734375,850.404052734375
118,1335.51708984375,856.2265014648438
119,0.0,0.0
119,0.0,0.0
119,0.0,0.0
119,0.0,0.0
119,0.0,0.0
119,0.0,0.0
119,0.0,0.0
119,0.0,0.0
119,0.0,0.0
119,0.0,0.0
119,0.0,0.0
119,1768.2462158203125,223.35325622558594
119,1643.5404052734375,226.74082946777344
119,1818.8424072265625,534.2084350585938
119,1519.8394775390625,551.0092163085938
119,1877.7159423828125,853.6083984375
119,1338.2691650390625,854.594970703125
120,0.0,0.0
120,0.0,0.0
120,0.0,0.0
120,0.0,0.0
120,0.0,0.0
120,0.0,0.0
120,0.0,0.0
120,0.0,0.0
120,0.0,0.0
120,0.0,0.0
120,0.0,0.0
120,1794.8873291015625,266.4947509765625
120,1659.1788330078125,263.6224060058594
120,1852.7410888671875,575.3283081054688
120,1535.553955078125,567.6357421875
120,1880.6917724609375,846.6017456054688
120,1364.033203125,830.2750854492188
121,0.0,0.0
121,0.0,0.0
121,0.0,0.0
121,0.0,0.0
121,0.0,0.0
121,0.0,0.0
121,0.0,0.0
121,0.0,0.0
121,0.0,0.0
121,0.0,0.0
121,0.0,0.0
121,1819.7889404296875,194.28411865234375
121,1732.7666015625,193.22776794433594
121,1834.6707763671875,540.8928833007812
121,1580.38916015625,535.3487548828125
121,1875.6029052734375,858.5452880859375
121,1370.657470703125,822.1201782226562
122,0.0,0.0
122,0.0,0.0
122,0.0,0.0
122,0.0,0.0
122,0.0,0.0
122,0.0,0.0
122,0.0,0.0
122,0.0,0.0
122,0.0,0.0
122,0.0,0.0
122,0.0,0.0
122,1822.0792236328125,190.28311157226562
122,1767.900634765625,190.49880981445312
122,1853.7247314453125,554.2721557617188
122,1623.7720947265625,543.8147583007812
122,1868.44384765625,875.74658203125
122,1386.135009765625,832.5335083007812
123,0.0,0.0
123,0.0,0.0
123,0.0,0.0
123,0.0,0.0
123,0.0,0.0
123,0.0,0.0
123,0.0,0.0
123,0.0,0.0
123,0.0,0.0
123,0.0,0.0
123,0.0,0.0
123,0.0,0.0
123,1818.2607421875,131.88070678710938
123,1861.7802734375,513.4981079101562
123,1687.694580078125,509.10772705078125
123,1861.8905029296875,871.3335571289062
123,1400.8201904296875,822.3103637695312
124,0.0,0.0
124,0.0,0.0
124,0.0,0.0
124,0.0,0.0
124,0.0,0.0
124,0.0,0.0
124,0.0,0.0
124,0.0,0.0
124,0.0,0.0
124,0.0,0.0
124,0.0,0.0
124,0.0,0.0
124,0.0,0.0
124,1867.5455322265625,506.5236511230469
124,1748.788818359375,499.84716796875
124,1856.8660888671875,860.6642456054688
124,1424.9388427734375,790.9865112304688
125,0.0,0.0
125,0.0,0.0
125,0.0,0.0
125,0.0,0.0
125,0.0,0.0
125,0.0,0.0
125,0.0,0.0
125,0.0,0.0
125,0.0,0.0
125,0.0,0.0
125,0.0,0.0
125,0.0,0.0
125,0.0,0.0
125,1879.31884765625,518.2855224609375
125,1792.86376953125,494.50244140625
125,1863.772705078125,875.4618530273438
125,1453.378173828125,771.4780883789062
126,0.0,0.0
126,0.0,0.0
126,0.0,0.0
126,0.0,0.0
126,0.0,0.0
126,0.0,0.0
126,0.0,0.0
126,0.0,0.0
126,0.0,0.0
126,0.0,0.0
126,0.0,0.0
126,0.0,0.0
126,0.0,0.0
126,1889.1719970703125,516.7402954101562
126,1826.492431640625,494.5498352050781
126,1868.1688232421875,868.624755859375
126,1467.3890380859375,759.2232666015625
127,0.0,0.0
127,0.0,0.0
127,0.0,0.0
127,0.0,0.0
127,0.0,0.0
127,0.0,0.0
127,0.0,0.0
127,0.0,0.0
127,0.0,0.0
127,0.0,0.0
127,0.0,0.0
127,0.0,0.0
127,0.0,0.0
127,1895.6715087890625,519.3782958984375
127,1863.288330078125,499.1442565917969
127,1867.08251953125,858.9468383789062
127,1505.421142578125,752.119873046875
128,0.0,0.0
128,0.0,0.0
128,0.0,0.0
128,0.0,0.0
128,0.0,0.0
128,0.0,0.0
128,0.0,0.0
128,0.0,0.0
128,0.0,0.0
128,0.0,0.0
128,0.0,0.0
128,0.0,0.0
128,0.0,0.0
128,1897.1282958984375,554.7598266601562
128,1877.933349609375,519.4727783203125
128,1854.011474609375,872.634765625
128,1540.3641357421875,746.572509765625
129,0.0,0.0
129,0.0,0.0
129,0.0,0.0
129,0.0,0.0
129,0.0,0.0
129,0.0,0.0
129,0.0,0.0
129,0.0,0.0
129,0.0,0.0
129,0.0,0.0
129,0.0,0.0
129,0.0,0.0
129,0.0,0.0
129,1889.04833984375,540.2281494140625
129,1876.630859375,505.3827209472656
129,1833.4156494140625,863.9946899414062
129,1590.65234375,758.2725219726562
130,0.0,0.0
130,0.0,0.0
130,0.0,0.0
130,0.0,0.0
130,0.0,0.0
130,0.0,0.0
130,0.0,0.0
130,0.0,0.0
130,0.0,0.0
130,0.0,0.0
130,0.0,0.0
130,0.0,0.0
130,0.0,0.0
130,1910.827880859375,534.5496826171875
130,1897.1837158203125,520.9551391601562
130,1829.6993408203125,857.8419799804688
130,1636.7427978515625,787.80419921875
131,0.0,0.0
131,0.0,0.0
131,0.0,0.0
131,0.0,0.0
131,0.0,0.0
131,0.0,0.0
131,0.0,0.0
131,0.0,0.0
131,0.0,0.0
131,0.0,0.0
131,0.0,0.0
131,0.0,0.0
131,0.0,0.0
131,1914.0048828125,548.8602905273438
131,0.0,0.0
131,1827.6820068359375,860.6705932617188
131,0.0,0.0
132,0.0,0.0
132,0.0,0.0
132,0.0,0.0
132,0.0,0.0
132,0.0,0.0
132,0.0,0.0
132,0.0,0.0
132,0.0,0.0
132,0.0,0.0
132,0.0,0.0
132,0.0,0.0
132,0.0,0.0
132,0.0,0.0
132,0.0,0.0
132,0.0,0.0
132,0.0,0.0
132,0.0,0.0
133,0.0,0.0
133,0.0,0.0
133,0.0,0.0
133,0.0,0.0
133,0.0,0.0
133,0.0,0.0
133,0.0,0.0
133,0.0,0.0
133,0.0,0.0
133,0.0,0.0
133,0.0,0.0
133,0.0,0.0
133,0.0,0.0
133,0.0,0.0
133,0.0,0.0
133,0.0,0.0
133,0.0,0.0
134,0.0,0.0
134,0.0,0.0
134,0.0,0.0
134,0.0,0.0
134,0.0,0.0
134,0.0,0.0
134,0.0,0.0
134,0.0,0.0
134,0.0,0.0
134,0.0,0.0
134,0.0,0.0
134,0.0,0.0
134,0.0,0.0
134,0.0,0.0
134,0.0,0.0
134,0.0,0.0
134,0.0,0.0
135,0.0,0.0
135,0.0,0.0
135,0.0,0.0
135,0.0,0.0
135,0.0,0.0
135,0.0,0.0
135,0.0,0.0
135,0.0,0.0
135,0.0,0.0
135,0.0,0.0
135,0.0,0.0
135,0.0,0.0
135,0.0,0.0
135,0.0,0.0
135,0.0,0.0
135,0.0,0.0
135,0.0,0.0
136,0.0,0.0
136,0.0,0.0
136,0.0,0.0
136,0.0,0.0
136,0.0,0.0
136,0.0,0.0
136,0.0,0.0
136,0.0,0.0
136,0.0,0.0
136,0.0,0.0
136,0.0,0.0
136,0.0,0.0
136,0.0,0.0
136,0.0,0.0
136,0.0,0.0
136,0.0,0.0
136,0.0,0.0
137,0.0,0.0
137,0.0,0.0
137,0.0,0.0
137,0.0,0.0
137,0.0,0.0
137,0.0,0.0
137,0.0,0.0
137,0.0,0.0
137,0.0,0.0
137,0.0,0.0
137,0.0,0.0
137,0.0,0.0
137,0.0,0.0
137,0.0,0.0
137,0.0,0.0
137,0.0,0.0
137,0.0,0.0
138,0.0,0.0
138,0.0,0.0
138,0.0,0.0
138,0.0,0.0
138,0.0,0.0
138,0.0,0.0
138,0.0,0.0
138,0.0,0.0
138,0.0,0.0
138,0.0,0.0
138,0.0,0.0
138,0.0,0.0
138,0.0,0.0
138,0.0,0.0
138,0.0,0.0
138,0.0,0.0
138,0.0,0.0
139,0.0,0.0
139,0.0,0.0
139,0.0,0.0
139,0.0,0.0
139,0.0,0.0
139,0.0,0.0
139,0.0,0.0
139,0.0,0.0
139,0.0,0.0
139,0.0,0.0
139,0.0,0.0
139,0.0,0.0
139,0.0,0.0
139,0.0,0.0
139,0.0,0.0
139,0.0,0.0
139,0.0,0.0
140,0.0,0.0
140,0.0,0.0
140,0.0,0.0
140,0.0,0.0
140,0.0,0.0
140,0.0,0.0
140,0.0,0.0
140,0.0,0.0
140,0.0,0.0
140,0.0,0.0
140,0.0,0.0
140,0.0,0.0
140,0.0,0.0
140,0.0,0.0
140,0.0,0.0
140,0.0,0.0
140,0.0,0.0
141,0.0,0.0
141,0.0,0.0
141,0.0,0.0
141,0.0,0.0
141,0.0,0.0
141,0.0,0.0
141,0.0,0.0
141,0.0,0.0
141,0.0,0.0
141,0.0,0.0
141,0.0,0.0
141,0.0,0.0
141,0.0,0.0
141,0.0,0.0
141,0.0,0.0
141,0.0,0.0
141,0.0,0.0
142,0.0,0.0
142,0.0,0.0
142,0.0,0.0
142,0.0,0.0
142,0.0,0.0
142,0.0,0.0
142,0.0,0.0
142,0.0,0.0
142,0.0,0.0
142,0.0,0.0
142,0.0,0.0
142,0.0,0.0
142,0.0,0.0
142,0.0,0.0
142,0.0,0.0
142,0.0,0.0
142,0.0,0.0
143,0.0,0.0
143,0.0,0.0
143,0.0,0.0
143,0.0,0.0
143,0.0,0.0
143,0.0,0.0
143,0.0,0.0
143,0.0,0.0
143,0.0,0.0
143,0.0,0.0
143,0.0,0.0
143,0.0,0.0
143,0.0,0.0
143,0.0,0.0
143,0.0,0.0
143,0.0,0.0
143,0.0,0.0
144,0.0,0.0
144,0.0,0.0
144,0.0,0.0
144,0.0,0.0
144,0.0,0.0
144,0.0,0.0
144,0.0,0.0
144,0.0,0.0
144,0.0,0.0
144,0.0,0.0
144,0.0,0.0
144,0.0,0.0
144,0.0,0.0
144,0.0,0.0
144,0.0,0.0
144,0.0,0.0
144,0.0,0.0
145,0.0,0.0
145,0.0,0.0
145,0.0,0.0
145,0.0,0.0
145,0.0,0.0
145,0.0,0.0
145,0.0,0.0
145,0.0,0.0
145,0.0,0.0
145,0.0,0.0
145,0.0,0.0
145,0.0,0.0
145,0.0,0.0
145,0.0,0.0
145,0.0,0.0
145,0.0,0.0
145,0.0,0.0
146,0.0,0.0
146,0.0,0.0
146,0.0,0.0
146,0.0,0.0
146,0.0,0.0
146,0.0,0.0
146,0.0,0.0
146,0.0,0.0
146,0.0,0.0
146,0.0,0.0
146,0.0,0.0
146,0.0,0.0
146,0.0,0.0
146,0.0,0.0
146,0.0,0.0
146,0.0,0.0
146,0.0,0.0
147,0.0,0.0
147,0.0,0.0
147,0.0,0.0
147,0.0,0.0
147,0.0,0.0
147,0.0,0.0
147,0.0,0.0
147,0.0,0.0
147,0.0,0.0
147,0.0,0.0
147,0.0,0.0
147,0.0,0.0
147,0.0,0.0
147,0.0,0.0
147,0.0,0.0
147,0.0,0.0
147,0.0,0.0
148,0.0,0.0
148,0.0,0.0
148,0.0,0.0
148,0.0,0.0
148,0.0,0.0
148,0.0,0.0
148,0.0,0.0
148,0.0,0.0
148,0.0,0.0
148,0.0,0.0
148,0.0,0.0
148,0.0,0.0
148,0.0,0.0
148,0.0,0.0
148,0.0,0.0
148,0.0,0.0
148,0.0,0.0
149,0.0,0.0
149,0.0,0.0
149,0.0,0.0
149,0.0,0.0
149,0.0,0.0
149,0.0,0.0
149,0.0,0.0
149,0.0,0.0
149,0.0,0.0
149,0.0,0.0
149,0.0,0.0
149,0.0,0.0
149,0.0,0.0
149,0.0,0.0
149,0.0,0.0
149,0.0,0.0
149,0.0,0.0
150,0.0,0.0
150,0.0,0.0
150,0.0,0.0
150,0.0,0.0
150,0.0,0.0
150,0.0,0.0
150,0.0,0.0
150,0.0,0.0
150,0.0,0.0
150,0.0,0.0
150,0.0,0.0
150,0.0,0.0
150,0.0,0.0
150,0.0,0.0
150,0.0,0.0
150,0.0,0.0
150,0.0,0.0
151,0.0,0.0
151,0.0,0.0
151,0.0,0.0
151,0.0,0.0
151,0.0,0.0
151,0.0,0.0
151,0.0,0.0
151,0.0,0.0
151,0.0,0.0
151,0.0,0.0
151,0.0,0.0
151,0.0,0.0
151,0.0,0.0
151,0.0,0.0
151,0.0,0.0
151,0.0,0.0
151,0.0,0.0
152,0.0,0.0
152,0.0,0.0
152,0.0,0.0
152,0.0,0.0
152,0.0,0.0
152,1837.75341796875,294.52978515625
152,1813.8597412109375,295.7778015136719
152,1841.6990966796875,318.17010498046875
152,1804.8916015625,321.5317687988281
152,1824.9305419921875,298.0356140136719
152,1809.9801025390625,301.9705505371094
152,1842.5782470703125,379.5793762207031
152,1827.6416015625,380.9345703125
152,1848.3736572265625,458.0867919921875
152,1837.687255859375,459.87646484375
152,1851.8468017578125,535.298095703125
152,1841.580810546875,535.8046875
153,0.0,0.0
153,0.0,0.0
153,0.0,0.0
153,0.0,0.0
153,0.0,0.0
153,1839.109130859375,297.38946533203125
153,1811.958984375,299.8973083496094
153,1844.240478515625,317.4335632324219
153,1802.46240234375,324.1626892089844
153,1827.94921875,292.5713806152344
153,1813.33154296875,299.5057678222656
153,1842.8409423828125,379.52667236328125
153,1826.1761474609375,381.4698791503906
153,1843.0767822265625,456.567626953125
153,1835.7806396484375,458.6834411621094
153,1840.521728515625,533.0657958984375
153,1837.278076171875,534.14013671875
154,0.0,0.0
154,0.0,0.0
154,0.0,0.0
154,0.0,0.0
154,0.0,0.0
154,1833.0029296875,295.96820068359375
154,1817.2801513671875,297.4479675292969
154,1834.365966796875,316.49560546875
154,1809.632568359375,321.609130859375
154,1822.963623046875,293.44970703125
154,0.0,0.0
154,1839.4549560546875,378.09844970703125
154,1830.197509765625,379.6158447265625
154,1841.0848388671875,456.4096984863281
154,1839.7481689453125,458.027099609375
154,1839.699462890625,534.1683349609375
154,1840.9925537109375,534.6519165039062
155,0.0,0.0
155,0.0,0.0
155,0.0,0.0
155,0.0,0.0
155,0.0,0.0
155,1829.4539794921875,295.17462158203125
155,1820.113525390625,296.1967468261719
155,1827.0814208984375,315.1664123535156
155,1814.25732421875,319.17352294921875
155,1817.9111328125,292.46173095703125
155,0.0,0.0
155,1836.3643798828125,378.4393615722656
155,1831.4736328125,379.6731262207031
155,1836.173583984375,455.829345703125
155,1840.1392822265625,457.10919189453125
155,1834.1495361328125,533.2329711914062
155,1841.4185791015625,533.4249267578125
156,0.0,0.0
156,0.0,0.0
156,0.0,0.0
156,0.0,0.0
156,0.0,0.0
156,1831.0185546875,296.740234375
156,1819.0811767578125,297.7472839355469
156,1831.5340576171875,315.8446044921875
156,1814.2186279296875,319.8220520019531
156,1822.033447265625,291.4402160644531
156,1819.8817138671875,295.969482421875
156,1836.89697265625,379.4964599609375
156,1830.3883056640625,380.6463623046875
156,1835.25146484375,456.26531982421875
156,1837.597412109375,457.56536865234375
156,1832.331298828125,533.5827026367188
156,1838.18603515625,533.8602294921875
157,0.0,0.0
157,0.0,0.0
157,0.0,0.0
157,0.0,0.0
157,0.0,0.0
157,1833.8594970703125,296.1112976074219
157,1815.2762451171875,297.5600280761719
157,1835.6312255859375,315.2682800292969
157,1806.1541748046875,320.11962890625
157,1824.308837890625,293.5150451660156
157,1815.875244140625,298.63751220703125
157,1839.0338134765625,376.8813171386719
157,1828.038330078125,378.314208984375
157,1837.453857421875,451.51153564453125
157,1834.6802978515625,453.0670166015625
157,1835.2303466796875,526.2341918945312
157,1835.7265625,526.8689575195312
158,0.0,0.0
158,0.0,0.0
158,0.0,0.0
158,0.0,0.0
158,0.0,0.0
158,1831.2972412109375,297.1564025878906
158,1818.50390625,298.2396545410156
158,1832.1695556640625,314.9471130371094
158,1813.9896240234375,318.9012145996094
158,1822.22509765625,291.3372802734375
158,1819.3575439453125,295.56390380859375
158,1836.492919921875,379.48309326171875
158,1829.4061279296875,380.6153869628906
158,1833.837646484375,453.7366638183594
158,1835.73095703125,455.0583801269531
158,1830.292724609375,527.5655517578125
158,1836.0216064453125,528.0429077148438
159,1820.5987548828125,276.0040588378906
159,0.0,0.0
159,0.0,0.0
159,0.0,0.0
159,0.0,0.0
159,1839.7783203125,297.6794128417969
159,1812.0450439453125,299.86309814453125
159,1846.0042724609375,316.3733215332031
159,1802.781494140625,322.19720458984375
159,1829.2039794921875,289.4162292480469
159,1812.8748779296875,294.68316650390625
159,1841.34130859375,379.6157531738281
159,1824.211669921875,381.1554870605469
159,1839.0047607421875,453.08526611328125
159,1830.0081787109375,454.95025634765625
159,1835.791015625,525.8615112304688
159,1830.479736328125,526.8029174804688
160,0.0,0.0
160,0.0,0.0
160,0.0,0.0
160,0.0,0.0
160,0.0,0.0
160,1834.2835693359375,296.4516906738281
160,1815.251708984375,297.95849609375
160,1837.359375,315.555908203125
160,1809.6104736328125,320.6252746582031
160,1827.1011962890625,291.907958984375
160,1820.0943603515625,296.9293212890625
160,1838.286376953125,379.8027648925781
160,1827.0858154296875,381.31597900390625
160,1835.2203369140625,455.2384033203125
160,1833.7230224609375,456.9540710449219
160,1830.870849609375,530.0081176757812
160,1833.3480224609375,531.2481079101562
161,1822.103515625,273.1717224121094
161,0.0,0.0
161,0.0,0.0
161,0.0,0.0
161,0.0,0.0
161,1836.873779296875,296.0146484375
161,1812.6611328125,297.95379638671875
161,1841.154052734375,317.2987976074219
161,1804.91650390625,323.0726623535156
161,1828.043701171875,293.9891052246094
161,1817.339111328125,299.4553527832031
161,1840.33447265625,379.61572265625
161,1825.5576171875,381.26983642578125
161,1837.4375,455.64605712890625
161,1831.1400146484375,457.53656005859375
161,1833.6029052734375,531.7300415039062
161,1830.5933837890625,532.977783203125
162,1821.7098388671875,274.4573059082031
162,0.0,0.0
162,0.0,0.0
162,0.0,0.0
162,0.0,0.0
162,1837.572509765625,296.36419677734375
162,1813.34033203125,298.4060974121094
162,1840.4481201171875,316.1238098144531
162,1803.6373291015625,321.84344482421875
162,1825.83154296875,292.707763671875
162,1813.815673828125,298.43634033203125
162,1840.8714599609375,379.28961181640625
162,1826.2606201171875,380.8968505859375
162,1837.953857421875,453.989501953125
162,1832.627685546875,455.8157043457031
162,1833.8858642578125,528.728515625
162,1832.870361328125,529.7488403320312
163,1822.689453125,274.5368957519531
163,0.0,0.0
163,0.0,0.0
163,0.0,0.0
163,0.0,0.0
163,1837.8531494140625,296.6175537109375
163,1812.5684814453125,298.7996520996094
163,1841.818359375,316.7309875488281
163,1804.2701416015625,322.7784729003906
163,1827.2674560546875,292.5778503417969
163,1815.5479736328125,298.095458984375
163,1841.2357177734375,379.18975830078125
163,1825.7208251953125,380.98016357421875
163,1839.3226318359375,453.5662536621094
163,1832.3841552734375,455.6241760253906
163,1835.7540283203125,527.3380737304688
163,1832.2530517578125,528.7559814453125
164,1820.01611328125,275.4344482421875
164,0.0,0.0
164,0.0,0.0
164,0.0,0.0
164,0.0,0.0
164,1837.0770263671875,296.7117004394531
164,1812.0074462890625,299.3837890625
164,1840.0687255859375,316.3996276855469
164,1801.851318359375,322.838134765625
164,1824.544921875,293.1582336425781
164,1812.1590576171875,298.555908203125
164,1840.740966796875,380.1269836425781
164,1825.5096435546875,381.998779296875
164,1837.757568359375,454.1671447753906
164,1831.5391845703125,456.2864074707031
164,1834.13818359375,528.3116455078125
164,1832.0684814453125,529.6760864257812
165,1819.6387939453125,274.97125244140625
165,0.0,0.0
165,0.0,0.0
165,0.0,0.0
165,0.0,0.0
165,1836.91455078125,297.00048828125
165,1812.41064453125,299.43011474609375
165,1841.30908203125,317.8398742675781
165,1804.4202880859375,323.8170166015625
165,1826.540771484375,294.4259948730469
165,1815.015869140625,298.9278564453125
165,1840.4981689453125,379.87353515625
165,1825.6649169921875,381.63494873046875
165,1837.66259765625,454.2699279785156
165,1831.77001953125,456.31561279296875
165,1834.370849609375,529.0426635742188
165,1832.54150390625,530.2622680664062
166,1818.3131103515625,275.73907470703125
166,1820.9600830078125,270.6461181640625
166,0.0,0.0
166,0.0,0.0
166,0.0,0.0
166,1838.90966796875,297.4277038574219
166,1811.4515380859375,300.08807373046875
166,1842.6351318359375,317.2165832519531
166,1800.82470703125,323.73944091796875
166,1824.830322265625,292.3786315917969
166,1810.2591552734375,298.53387451171875
166,1840.8355712890625,380.30731201171875
166,1824.03125,381.9305725097656
166,1836.9368896484375,454.85394287109375
166,1828.5697021484375,456.7507629394531
166,1832.7554931640625,530.5166625976562
166,1828.5220947265625,531.400390625
167,1817.5792236328125,273.4522399902344
167,0.0,0.0
167,0.0,0.0
167,0.0,0.0
167,0.0,0.0
167,1837.837646484375,296.5526123046875
167,1812.343505859375,299.01654052734375
167,1841.851318359375,316.96307373046875
167,1803.199951171875,323.16156005859375
167,1825.337890625,291.0002136230469
167,1812.6973876953125,296.8585510253906
167,1840.5576171875,380.1343078613281
167,1825.1339111328125,381.6694641113281
167,1836.6624755859375,455.3817443847656
167,1830.4212646484375,457.1927490234375
167,1832.2164306640625,531.9393310546875
167,1830.7576904296875,532.67578125
168,0.0,0.0
168,0.0,0.0
168,0.0,0.0
168,0.0,0.0
168,0.0,0.0
168,1833.6201171875,296.18707275390625
168,1816.12255859375,297.9383239746094
168,1834.407470703125,315.8962707519531
168,1808.183349609375,320.7592468261719
168,1820.2056884765625,290.87371826171875
168,1813.495361328125,295.0930480957031
168,1837.7860107421875,379.9684753417969
168,1827.6094970703125,381.1884460449219
168,1833.76220703125,455.6380920410156
168,1831.8985595703125,457.1843566894531
168,1829.3668212890625,531.9840087890625
168,1831.1705322265625,532.5407104492188
169,0.0,0.0
169,0.0,0.0
169,0.0,0.0
169,0.0,0.0
169,0.0,0.0
169,1835.0032958984375,296.5688171386719
169,1815.6201171875,298.6197509765625
169,1836.816650390625,316.1018981933594
169,1807.9937744140625,321.5696105957031
169,1821.7237548828125,290.9730224609375
169,1814.0804443359375,296.0416259765625
169,1838.990478515625,381.536865234375
169,1827.7508544921875,382.8512878417969
169,1834.65966796875,458.2304382324219
169,1833.1351318359375,459.83551025390625
169,1829.4158935546875,535.5765380859375
169,1832.7576904296875,536.1317138671875
170,1817.5833740234375,276.4414367675781
170,1820.3145751953125,271.3341369628906
170,0.0,0.0
170,1827.863525390625,273.4188537597656
170,0.0,0.0
170,1839.9654541015625,297.2329406738281
170,1810.2235107421875,300.21710205078125
170,1844.13427734375,317.95361328125
170,1798.9749755859375,324.3135070800781
170,1824.40478515625,293.5895690917969
170,1808.2130126953125,298.2872314453125
170,1841.7110595703125,379.9212646484375
170,1823.1578369140625,381.6580810546875
170,1838.2012939453125,453.8884582519531
170,1826.57568359375,455.9462585449219
170,1835.26171875,528.7855224609375
170,1826.8487548828125,529.7635498046875
171,0.0,0.0
171,0.0,0.0
171,0.0,0.0
171,0.0,0.0
171,0.0,0.0
171,1834.693359375,296.2764892578125
171,1815.7589111328125,297.8474426269531
171,1837.02294921875,317.5882263183594
171,1808.7886962890625,322.2778015136719
171,1824.116455078125,292.8117980957031
171,1816.625732421875,296.98638916015625
171,1839.1138916015625,379.9265441894531
171,1827.9207763671875,381.2801818847656
171,1836.52880859375,455.054931640625
171,1833.7760009765625,456.70916748046875
171,1832.8055419921875,531.1289672851562
171,1833.6021728515625,531.9491577148438
